id,GridID,X_coord,Y_coord
2438,311,1763370,5901250
2517,312,1763870,5901250
2596,313,1764370,5901250
1489,337,1757370,5901750
2042,344,1760870,5901750
2121,345,1761370,5901750
2358,348,1762870,5901750
2437,349,1763370,5901750
2516,350,1763870,5901750
2595,351,1764370,5901750
2674,352,1764870,5901750
1409,376,1756870,5902250
1567,378,1757870,5902250
1646,379,1758370,5902250
1725,380,1758870,5902250
1962,383,1760370,5902250
2041,384,1760870,5902250
2278,387,1762370,5902250
2357,388,1762870,5902250
2436,389,1763370,5902250
2515,390,1763870,5902250
2594,391,1764370,5902250
2673,392,1764870,5902250
2752,393,1765370,5902250
1408,418,1756870,5902750
1487,419,1757370,5902750
1566,420,1757870,5902750
1645,421,1758370,5902750
1724,422,1758870,5902750
1803,423,1759370,5902750
1882,424,1759870,5902750
1961,425,1760370,5902750
2040,426,1760870,5902750
2198,428,1761870,5902750
2277,429,1762370,5902750
2356,430,1762870,5902750
2435,431,1763370,5902750
2514,432,1763870,5902750
2593,433,1764370,5902750
2672,434,1764870,5902750
2751,435,1765370,5902750
2830,436,1765870,5902750
1407,460,1756870,5903250
1486,461,1757370,5903250
1565,462,1757870,5903250
1644,463,1758370,5903250
1723,464,1758870,5903250
1802,465,1759370,5903250
1881,466,1759870,5903250
1960,467,1760370,5903250
2118,469,1761370,5903250
2197,470,1761870,5903250
2276,471,1762370,5903250
2355,472,1762870,5903250
2434,473,1763370,5903250
2513,474,1763870,5903250
2592,475,1764370,5903250
2671,476,1764870,5903250
2750,477,1765370,5903250
2829,478,1765870,5903250
2908,479,1766370,5903250
1327,503,1756370,5903750
1406,504,1756870,5903750
1485,505,1757370,5903750
1564,506,1757870,5903750
1643,507,1758370,5903750
1722,508,1758870,5903750
1801,509,1759370,5903750
1880,510,1759870,5903750
1959,511,1760370,5903750
2117,513,1761370,5903750
2196,514,1761870,5903750
2275,515,1762370,5903750
2354,516,1762870,5903750
2433,517,1763370,5903750
2512,518,1763870,5903750
2591,519,1764370,5903750
2670,520,1764870,5903750
2749,521,1765370,5903750
2828,522,1765870,5903750
2907,523,1766370,5903750
1168,545,1755370,5904250
1247,546,1755870,5904250
1326,547,1756370,5904250
1405,548,1756870,5904250
1484,549,1757370,5904250
1563,550,1757870,5904250
1642,551,1758370,5904250
1721,552,1758870,5904250
1800,553,1759370,5904250
1879,554,1759870,5904250
1958,555,1760370,5904250
2037,556,1760870,5904250
2274,559,1762370,5904250
2353,560,1762870,5904250
2432,561,1763370,5904250
2511,562,1763870,5904250
2590,563,1764370,5904250
2669,564,1764870,5904250
2748,565,1765370,5904250
2827,566,1765870,5904250
2906,567,1766370,5904250
2985,568,1766870,5904250
1167,590,1755370,5904750
1246,591,1755870,5904750
1325,592,1756370,5904750
1404,593,1756870,5904750
1483,594,1757370,5904750
1562,595,1757870,5904750
1641,596,1758370,5904750
1720,597,1758870,5904750
1799,598,1759370,5904750
1878,599,1759870,5904750
1957,600,1760370,5904750
2036,601,1760870,5904750
2115,602,1761370,5904750
2194,603,1761870,5904750
2273,604,1762370,5904750
2352,605,1762870,5904750
2431,606,1763370,5904750
2510,607,1763870,5904750
2589,608,1764370,5904750
2668,609,1764870,5904750
2747,610,1765370,5904750
2826,611,1765870,5904750
2905,612,1766370,5904750
2984,613,1766870,5904750
3063,614,1767370,5904750
1166,636,1755370,5905250
1245,637,1755870,5905250
1324,638,1756370,5905250
1403,639,1756870,5905250
1482,640,1757370,5905250
1561,641,1757870,5905250
1640,642,1758370,5905250
1719,643,1758870,5905250
1798,644,1759370,5905250
1877,645,1759870,5905250
1956,646,1760370,5905250
2035,647,1760870,5905250
2114,648,1761370,5905250
2193,649,1761870,5905250
2272,650,1762370,5905250
2351,651,1762870,5905250
2430,652,1763370,5905250
2509,653,1763870,5905250
2588,654,1764370,5905250
2667,655,1764870,5905250
2746,656,1765370,5905250
2825,657,1765870,5905250
2904,658,1766370,5905250
2983,659,1766870,5905250
3062,660,1767370,5905250
1244,683,1755870,5905750
1323,684,1756370,5905750
1402,685,1756870,5905750
1481,686,1757370,5905750
1560,687,1757870,5905750
1639,688,1758370,5905750
1718,689,1758870,5905750
1797,690,1759370,5905750
1876,691,1759870,5905750
1955,692,1760370,5905750
2034,693,1760870,5905750
2113,694,1761370,5905750
2192,695,1761870,5905750
2271,696,1762370,5905750
2350,697,1762870,5905750
2429,698,1763370,5905750
2508,699,1763870,5905750
2587,700,1764370,5905750
2666,701,1764870,5905750
2745,702,1765370,5905750
2824,703,1765870,5905750
2903,704,1766370,5905750
2982,705,1766870,5905750
3061,706,1767370,5905750
3140,707,1767870,5905750
1006,728,1754370,5906250
1243,731,1755870,5906250
1480,734,1757370,5906250
1559,735,1757870,5906250
1638,736,1758370,5906250
1717,737,1758870,5906250
1796,738,1759370,5906250
1875,739,1759870,5906250
1954,740,1760370,5906250
2033,741,1760870,5906250
2112,742,1761370,5906250
2191,743,1761870,5906250
2270,744,1762370,5906250
2349,745,1762870,5906250
2428,746,1763370,5906250
2507,747,1763870,5906250
2586,748,1764370,5906250
2665,749,1764870,5906250
2744,750,1765370,5906250
2823,751,1765870,5906250
2902,752,1766370,5906250
2981,753,1766870,5906250
3060,754,1767370,5906250
3139,755,1767870,5906250
1163,778,1755370,5906750
1242,779,1755870,5906750
1479,782,1757370,5906750
1558,783,1757870,5906750
1637,784,1758370,5906750
1716,785,1758870,5906750
1795,786,1759370,5906750
1874,787,1759870,5906750
1953,788,1760370,5906750
2032,789,1760870,5906750
2111,790,1761370,5906750
2190,791,1761870,5906750
2269,792,1762370,5906750
2348,793,1762870,5906750
2427,794,1763370,5906750
2506,795,1763870,5906750
2585,796,1764370,5906750
2664,797,1764870,5906750
2743,798,1765370,5906750
2822,799,1765870,5906750
2901,800,1766370,5906750
2980,801,1766870,5906750
3059,802,1767370,5906750
3138,803,1767870,5906750
3217,804,1768370,5906750
1004,825,1754370,5907250
1083,826,1754870,5907250
1162,827,1755370,5907250
1241,828,1755870,5907250
1320,829,1756370,5907250
1478,831,1757370,5907250
1557,832,1757870,5907250
1636,833,1758370,5907250
1715,834,1758870,5907250
1794,835,1759370,5907250
1873,836,1759870,5907250
1952,837,1760370,5907250
2031,838,1760870,5907250
2110,839,1761370,5907250
2189,840,1761870,5907250
2268,841,1762370,5907250
2347,842,1762870,5907250
2426,843,1763370,5907250
2505,844,1763870,5907250
2584,845,1764370,5907250
2663,846,1764870,5907250
2742,847,1765370,5907250
2821,848,1765870,5907250
2900,849,1766370,5907250
2979,850,1766870,5907250
3058,851,1767370,5907250
3137,852,1767870,5907250
3216,853,1768370,5907250
1003,874,1754370,5907750
1082,875,1754870,5907750
1161,876,1755370,5907750
1240,877,1755870,5907750
1319,878,1756370,5907750
1398,879,1756870,5907750
1477,880,1757370,5907750
1556,881,1757870,5907750
1635,882,1758370,5907750
1714,883,1758870,5907750
1793,884,1759370,5907750
1872,885,1759870,5907750
1951,886,1760370,5907750
2030,887,1760870,5907750
2109,888,1761370,5907750
2188,889,1761870,5907750
2267,890,1762370,5907750
2346,891,1762870,5907750
2425,892,1763370,5907750
2504,893,1763870,5907750
2583,894,1764370,5907750
2662,895,1764870,5907750
2741,896,1765370,5907750
2820,897,1765870,5907750
2899,898,1766370,5907750
2978,899,1766870,5907750
3057,900,1767370,5907750
3136,901,1767870,5907750
3215,902,1768370,5907750
1397,929,1756870,5908250
1555,931,1757870,5908250
1713,933,1758870,5908250
1792,934,1759370,5908250
1871,935,1759870,5908250
1950,936,1760370,5908250
2029,937,1760870,5908250
2108,938,1761370,5908250
2187,939,1761870,5908250
2266,940,1762370,5908250
2345,941,1762870,5908250
2424,942,1763370,5908250
2503,943,1763870,5908250
2582,944,1764370,5908250
2661,945,1764870,5908250
2740,946,1765370,5908250
2819,947,1765870,5908250
2898,948,1766370,5908250
2977,949,1766870,5908250
3056,950,1767370,5908250
3135,951,1767870,5908250
3214,952,1768370,5908250
3293,953,1768870,5908250
1317,978,1756370,5908750
1396,979,1756870,5908750
1475,980,1757370,5908750
1554,981,1757870,5908750
1633,982,1758370,5908750
1712,983,1758870,5908750
1791,984,1759370,5908750
1870,985,1759870,5908750
1949,986,1760370,5908750
2028,987,1760870,5908750
2107,988,1761370,5908750
2186,989,1761870,5908750
2265,990,1762370,5908750
2344,991,1762870,5908750
2423,992,1763370,5908750
2502,993,1763870,5908750
2581,994,1764370,5908750
2739,996,1765370,5908750
2818,997,1765870,5908750
2897,998,1766370,5908750
2976,999,1766870,5908750
3055,1000,1767370,5908750
3134,1001,1767870,5908750
3213,1002,1768370,5908750
3292,1003,1768870,5908750
1316,1029,1756370,5909250
1395,1030,1756870,5909250
1474,1031,1757370,5909250
1553,1032,1757870,5909250
1632,1033,1758370,5909250
1711,1034,1758870,5909250
1790,1035,1759370,5909250
1869,1036,1759870,5909250
1948,1037,1760370,5909250
2027,1038,1760870,5909250
2106,1039,1761370,5909250
2185,1040,1761870,5909250
2264,1041,1762370,5909250
2343,1042,1762870,5909250
2422,1043,1763370,5909250
2501,1044,1763870,5909250
2580,1045,1764370,5909250
2659,1046,1764870,5909250
2975,1050,1766870,5909250
3054,1051,1767370,5909250
3133,1052,1767870,5909250
3212,1053,1768370,5909250
3291,1054,1768870,5909250
1315,1080,1756370,5909750
1394,1081,1756870,5909750
1473,1082,1757370,5909750
1552,1083,1757870,5909750
1631,1084,1758370,5909750
1710,1085,1758870,5909750
1789,1086,1759370,5909750
1868,1087,1759870,5909750
1947,1088,1760370,5909750
2026,1089,1760870,5909750
2105,1090,1761370,5909750
2184,1091,1761870,5909750
2263,1092,1762370,5909750
2342,1093,1762870,5909750
2421,1094,1763370,5909750
2500,1095,1763870,5909750
2579,1096,1764370,5909750
2658,1097,1764870,5909750
2737,1098,1765370,5909750
2816,1099,1765870,5909750
2895,1100,1766370,5909750
2974,1101,1766870,5909750
3053,1102,1767370,5909750
3132,1103,1767870,5909750
3211,1104,1768370,5909750
3290,1105,1768870,5909750
1393,1132,1756870,5910250
1472,1133,1757370,5910250
1551,1134,1757870,5910250
1630,1135,1758370,5910250
1709,1136,1758870,5910250
1788,1137,1759370,5910250
1867,1138,1759870,5910250
2341,1144,1762870,5910250
2420,1145,1763370,5910250
2499,1146,1763870,5910250
2578,1147,1764370,5910250
2657,1148,1764870,5910250
2736,1149,1765370,5910250
2894,1151,1766370,5910250
2973,1152,1766870,5910250
3052,1153,1767370,5910250
3131,1154,1767870,5910250
3210,1155,1768370,5910250
3289,1156,1768870,5910250
3368,1157,1769370,5910250
839,1177,1753370,5910750
918,1178,1753870,5910750
2340,1196,1762870,5910750
2419,1197,1763370,5910750
2498,1198,1763870,5910750
2577,1199,1764370,5910750
2656,1200,1764870,5910750
2735,1201,1765370,5910750
2814,1202,1765870,5910750
2972,1204,1766870,5910750
3051,1205,1767370,5910750
3130,1206,1767870,5910750
3209,1207,1768370,5910750
3288,1208,1768870,5910750
3367,1209,1769370,5910750
838,1229,1753370,5911250
917,1230,1753870,5911250
996,1231,1754370,5911250
1075,1232,1754870,5911250
1154,1233,1755370,5911250
1233,1234,1755870,5911250
1707,1240,1758870,5911250
1786,1241,1759370,5911250
1865,1242,1759870,5911250
2023,1244,1760870,5911250
2102,1245,1761370,5911250
2260,1247,1762370,5911250
2339,1248,1762870,5911250
2418,1249,1763370,5911250
2497,1250,1763870,5911250
2576,1251,1764370,5911250
2655,1252,1764870,5911250
2971,1256,1766870,5911250
3050,1257,1767370,5911250
3129,1258,1767870,5911250
3208,1259,1768370,5911250
3287,1260,1768870,5911250
3366,1261,1769370,5911250
837,1282,1753370,5911750
916,1283,1753870,5911750
995,1284,1754370,5911750
1074,1285,1754870,5911750
1153,1286,1755370,5911750
1232,1287,1755870,5911750
1311,1288,1756370,5911750
1390,1289,1756870,5911750
1627,1292,1758370,5911750
1706,1293,1758870,5911750
1785,1294,1759370,5911750
1864,1295,1759870,5911750
1943,1296,1760370,5911750
2022,1297,1760870,5911750
2101,1298,1761370,5911750
2180,1299,1761870,5911750
2259,1300,1762370,5911750
2338,1301,1762870,5911750
2417,1302,1763370,5911750
2496,1303,1763870,5911750
2575,1304,1764370,5911750
2654,1305,1764870,5911750
2733,1306,1765370,5911750
2812,1307,1765870,5911750
2970,1309,1766870,5911750
3049,1310,1767370,5911750
3128,1311,1767870,5911750
3207,1312,1768370,5911750
3286,1313,1768870,5911750
3365,1314,1769370,5911750
836,1335,1753370,5912250
915,1336,1753870,5912250
994,1337,1754370,5912250
1073,1338,1754870,5912250
1152,1339,1755370,5912250
1231,1340,1755870,5912250
1310,1341,1756370,5912250
1389,1342,1756870,5912250
1468,1343,1757370,5912250
1547,1344,1757870,5912250
1626,1345,1758370,5912250
1705,1346,1758870,5912250
1784,1347,1759370,5912250
1863,1348,1759870,5912250
1942,1349,1760370,5912250
2021,1350,1760870,5912250
2100,1351,1761370,5912250
2179,1352,1761870,5912250
2258,1353,1762370,5912250
2337,1354,1762870,5912250
2416,1355,1763370,5912250
2495,1356,1763870,5912250
2574,1357,1764370,5912250
2653,1358,1764870,5912250
2732,1359,1765370,5912250
2811,1360,1765870,5912250
2969,1362,1766870,5912250
3048,1363,1767370,5912250
3127,1364,1767870,5912250
3206,1365,1768370,5912250
3285,1366,1768870,5912250
3364,1367,1769370,5912250
756,1387,1752870,5912750
835,1388,1753370,5912750
914,1389,1753870,5912750
993,1390,1754370,5912750
1072,1391,1754870,5912750
1151,1392,1755370,5912750
1230,1393,1755870,5912750
1309,1394,1756370,5912750
1388,1395,1756870,5912750
1467,1396,1757370,5912750
1546,1397,1757870,5912750
1625,1398,1758370,5912750
1704,1399,1758870,5912750
1783,1400,1759370,5912750
1862,1401,1759870,5912750
1941,1402,1760370,5912750
2020,1403,1760870,5912750
2099,1404,1761370,5912750
2178,1405,1761870,5912750
2257,1406,1762370,5912750
2336,1407,1762870,5912750
2415,1408,1763370,5912750
2494,1409,1763870,5912750
2573,1410,1764370,5912750
2652,1411,1764870,5912750
2889,1414,1766370,5912750
2968,1415,1766870,5912750
3047,1416,1767370,5912750
3126,1417,1767870,5912750
3205,1418,1768370,5912750
3284,1419,1768870,5912750
3363,1420,1769370,5912750
755,1440,1752870,5913250
834,1441,1753370,5913250
913,1442,1753870,5913250
992,1443,1754370,5913250
1071,1444,1754870,5913250
1150,1445,1755370,5913250
1229,1446,1755870,5913250
1308,1447,1756370,5913250
1387,1448,1756870,5913250
1466,1449,1757370,5913250
1545,1450,1757870,5913250
1624,1451,1758370,5913250
1703,1452,1758870,5913250
1782,1453,1759370,5913250
1861,1454,1759870,5913250
1940,1455,1760370,5913250
2019,1456,1760870,5913250
2098,1457,1761370,5913250
2177,1458,1761870,5913250
2256,1459,1762370,5913250
2335,1460,1762870,5913250
2414,1461,1763370,5913250
2493,1462,1763870,5913250
2572,1463,1764370,5913250
2651,1464,1764870,5913250
2809,1466,1765870,5913250
2888,1467,1766370,5913250
2967,1468,1766870,5913250
3046,1469,1767370,5913250
3125,1470,1767870,5913250
3204,1471,1768370,5913250
3283,1472,1768870,5913250
3362,1473,1769370,5913250
3441,1474,1769870,5913250
754,1493,1752870,5913750
833,1494,1753370,5913750
912,1495,1753870,5913750
991,1496,1754370,5913750
1070,1497,1754870,5913750
1149,1498,1755370,5913750
1228,1499,1755870,5913750
1307,1500,1756370,5913750
1386,1501,1756870,5913750
1465,1502,1757370,5913750
1544,1503,1757870,5913750
1623,1504,1758370,5913750
1702,1505,1758870,5913750
1781,1506,1759370,5913750
1860,1507,1759870,5913750
1939,1508,1760370,5913750
2018,1509,1760870,5913750
2097,1510,1761370,5913750
2176,1511,1761870,5913750
2255,1512,1762370,5913750
2334,1513,1762870,5913750
2413,1514,1763370,5913750
2492,1515,1763870,5913750
2571,1516,1764370,5913750
2650,1517,1764870,5913750
2808,1519,1765870,5913750
2966,1521,1766870,5913750
3045,1522,1767370,5913750
3124,1523,1767870,5913750
3203,1524,1768370,5913750
3282,1525,1768870,5913750
3361,1526,1769370,5913750
3440,1527,1769870,5913750
753,1546,1752870,5914250
832,1547,1753370,5914250
911,1548,1753870,5914250
990,1549,1754370,5914250
1069,1550,1754870,5914250
1148,1551,1755370,5914250
1227,1552,1755870,5914250
1306,1553,1756370,5914250
1385,1554,1756870,5914250
1464,1555,1757370,5914250
1543,1556,1757870,5914250
1622,1557,1758370,5914250
1701,1558,1758870,5914250
1780,1559,1759370,5914250
1859,1560,1759870,5914250
1938,1561,1760370,5914250
2017,1562,1760870,5914250
2096,1563,1761370,5914250
2175,1564,1761870,5914250
2254,1565,1762370,5914250
2333,1566,1762870,5914250
2412,1567,1763370,5914250
2491,1568,1763870,5914250
2570,1569,1764370,5914250
2728,1571,1765370,5914250
2807,1572,1765870,5914250
3044,1575,1767370,5914250
3123,1576,1767870,5914250
3202,1577,1768370,5914250
3281,1578,1768870,5914250
3360,1579,1769370,5914250
3439,1580,1769870,5914250
752,1599,1752870,5914750
831,1600,1753370,5914750
910,1601,1753870,5914750
989,1602,1754370,5914750
1068,1603,1754870,5914750
1147,1604,1755370,5914750
1226,1605,1755870,5914750
1305,1606,1756370,5914750
1384,1607,1756870,5914750
1463,1608,1757370,5914750
1542,1609,1757870,5914750
1621,1610,1758370,5914750
1700,1611,1758870,5914750
1779,1612,1759370,5914750
1858,1613,1759870,5914750
1937,1614,1760370,5914750
2016,1615,1760870,5914750
2095,1616,1761370,5914750
2174,1617,1761870,5914750
2253,1618,1762370,5914750
2332,1619,1762870,5914750
2411,1620,1763370,5914750
2490,1621,1763870,5914750
2569,1622,1764370,5914750
2648,1623,1764870,5914750
2727,1624,1765370,5914750
2806,1625,1765870,5914750
2885,1626,1766370,5914750
3043,1628,1767370,5914750
3122,1629,1767870,5914750
3201,1630,1768370,5914750
3280,1631,1768870,5914750
3359,1632,1769370,5914750
3438,1633,1769870,5914750
751,1652,1752870,5915250
830,1653,1753370,5915250
909,1654,1753870,5915250
988,1655,1754370,5915250
1067,1656,1754870,5915250
1146,1657,1755370,5915250
1225,1658,1755870,5915250
1304,1659,1756370,5915250
1383,1660,1756870,5915250
1462,1661,1757370,5915250
1541,1662,1757870,5915250
1620,1663,1758370,5915250
1699,1664,1758870,5915250
1778,1665,1759370,5915250
1857,1666,1759870,5915250
1936,1667,1760370,5915250
2015,1668,1760870,5915250
2094,1669,1761370,5915250
2173,1670,1761870,5915250
2252,1671,1762370,5915250
2331,1672,1762870,5915250
2410,1673,1763370,5915250
2489,1674,1763870,5915250
2568,1675,1764370,5915250
2647,1676,1764870,5915250
2726,1677,1765370,5915250
2805,1678,1765870,5915250
2884,1679,1766370,5915250
3121,1682,1767870,5915250
3200,1683,1768370,5915250
3279,1684,1768870,5915250
3358,1685,1769370,5915250
3437,1686,1769870,5915250
750,1705,1752870,5915750
829,1706,1753370,5915750
908,1707,1753870,5915750
987,1708,1754370,5915750
1066,1709,1754870,5915750
1145,1710,1755370,5915750
1224,1711,1755870,5915750
1303,1712,1756370,5915750
1382,1713,1756870,5915750
1461,1714,1757370,5915750
1540,1715,1757870,5915750
1619,1716,1758370,5915750
1698,1717,1758870,5915750
1777,1718,1759370,5915750
1856,1719,1759870,5915750
1935,1720,1760370,5915750
2014,1721,1760870,5915750
2093,1722,1761370,5915750
2172,1723,1761870,5915750
2251,1724,1762370,5915750
2330,1725,1762870,5915750
2409,1726,1763370,5915750
2488,1727,1763870,5915750
2567,1728,1764370,5915750
2646,1729,1764870,5915750
2725,1730,1765370,5915750
2804,1731,1765870,5915750
2883,1732,1766370,5915750
3199,1736,1768370,5915750
3278,1737,1768870,5915750
3357,1738,1769370,5915750
3436,1739,1769870,5915750
749,1758,1752870,5916250
828,1759,1753370,5916250
907,1760,1753870,5916250
986,1761,1754370,5916250
1065,1762,1754870,5916250
1144,1763,1755370,5916250
1223,1764,1755870,5916250
1302,1765,1756370,5916250
1381,1766,1756870,5916250
1460,1767,1757370,5916250
1539,1768,1757870,5916250
1618,1769,1758370,5916250
1697,1770,1758870,5916250
1776,1771,1759370,5916250
1855,1772,1759870,5916250
1934,1773,1760370,5916250
2013,1774,1760870,5916250
2092,1775,1761370,5916250
2171,1776,1761870,5916250
2250,1777,1762370,5916250
2329,1778,1762870,5916250
2408,1779,1763370,5916250
2487,1780,1763870,5916250
2566,1781,1764370,5916250
2645,1782,1764870,5916250
2724,1783,1765370,5916250
2803,1784,1765870,5916250
2882,1785,1766370,5916250
3277,1790,1768870,5916250
3356,1791,1769370,5916250
3435,1792,1769870,5916250
748,1811,1752870,5916750
827,1812,1753370,5916750
906,1813,1753870,5916750
985,1814,1754370,5916750
1064,1815,1754870,5916750
1143,1816,1755370,5916750
1222,1817,1755870,5916750
1301,1818,1756370,5916750
1380,1819,1756870,5916750
1459,1820,1757370,5916750
1538,1821,1757870,5916750
1617,1822,1758370,5916750
1696,1823,1758870,5916750
1775,1824,1759370,5916750
1854,1825,1759870,5916750
1933,1826,1760370,5916750
2012,1827,1760870,5916750
2091,1828,1761370,5916750
2170,1829,1761870,5916750
2249,1830,1762370,5916750
2328,1831,1762870,5916750
2407,1832,1763370,5916750
2486,1833,1763870,5916750
2565,1834,1764370,5916750
2644,1835,1764870,5916750
2723,1836,1765370,5916750
2802,1837,1765870,5916750
2881,1838,1766370,5916750
2960,1839,1766870,5916750
3434,1845,1769870,5916750
747,1864,1752870,5917250
826,1865,1753370,5917250
905,1866,1753870,5917250
984,1867,1754370,5917250
1063,1868,1754870,5917250
1142,1869,1755370,5917250
1221,1870,1755870,5917250
1300,1871,1756370,5917250
1379,1872,1756870,5917250
1458,1873,1757370,5917250
1537,1874,1757870,5917250
1616,1875,1758370,5917250
1695,1876,1758870,5917250
1774,1877,1759370,5917250
1853,1878,1759870,5917250
1932,1879,1760370,5917250
2011,1880,1760870,5917250
2090,1881,1761370,5917250
2169,1882,1761870,5917250
2248,1883,1762370,5917250
2327,1884,1762870,5917250
2406,1885,1763370,5917250
2485,1886,1763870,5917250
2564,1887,1764370,5917250
2643,1888,1764870,5917250
2722,1889,1765370,5917250
2801,1890,1765870,5917250
2880,1891,1766370,5917250
2959,1892,1766870,5917250
3433,1898,1769870,5917250
825,1918,1753370,5917750
904,1919,1753870,5917750
983,1920,1754370,5917750
1062,1921,1754870,5917750
1141,1922,1755370,5917750
1220,1923,1755870,5917750
1299,1924,1756370,5917750
1378,1925,1756870,5917750
1457,1926,1757370,5917750
1536,1927,1757870,5917750
1615,1928,1758370,5917750
1694,1929,1758870,5917750
1773,1930,1759370,5917750
1852,1931,1759870,5917750
1931,1932,1760370,5917750
2010,1933,1760870,5917750
2089,1934,1761370,5917750
2168,1935,1761870,5917750
2247,1936,1762370,5917750
2326,1937,1762870,5917750
2405,1938,1763370,5917750
2484,1939,1763870,5917750
2563,1940,1764370,5917750
2642,1941,1764870,5917750
2721,1942,1765370,5917750
2800,1943,1765870,5917750
2879,1944,1766370,5917750
2958,1945,1766870,5917750
3037,1946,1767370,5917750
3116,1947,1767870,5917750
3195,1948,1768370,5917750
824,1971,1753370,5918250
903,1972,1753870,5918250
982,1973,1754370,5918250
1061,1974,1754870,5918250
1140,1975,1755370,5918250
1219,1976,1755870,5918250
1298,1977,1756370,5918250
1377,1978,1756870,5918250
1456,1979,1757370,5918250
1535,1980,1757870,5918250
1614,1981,1758370,5918250
1693,1982,1758870,5918250
1772,1983,1759370,5918250
1851,1984,1759870,5918250
1930,1985,1760370,5918250
2009,1986,1760870,5918250
2246,1989,1762370,5918250
2325,1990,1762870,5918250
2404,1991,1763370,5918250
2483,1992,1763870,5918250
2562,1993,1764370,5918250
2641,1994,1764870,5918250
2720,1995,1765370,5918250
2799,1996,1765870,5918250
2878,1997,1766370,5918250
2957,1998,1766870,5918250
3036,1999,1767370,5918250
3115,2000,1767870,5918250
823,2024,1753370,5918750
902,2025,1753870,5918750
981,2026,1754370,5918750
1060,2027,1754870,5918750
1139,2028,1755370,5918750
1218,2029,1755870,5918750
1297,2030,1756370,5918750
1376,2031,1756870,5918750
1455,2032,1757370,5918750
1534,2033,1757870,5918750
1613,2034,1758370,5918750
1692,2035,1758870,5918750
1771,2036,1759370,5918750
1850,2037,1759870,5918750
1929,2038,1760370,5918750
2008,2039,1760870,5918750
2087,2040,1761370,5918750
2166,2041,1761870,5918750
2245,2042,1762370,5918750
2324,2043,1762870,5918750
2403,2044,1763370,5918750
2482,2045,1763870,5918750
2561,2046,1764370,5918750
2640,2047,1764870,5918750
2719,2048,1765370,5918750
2798,2049,1765870,5918750
2877,2050,1766370,5918750
2956,2051,1766870,5918750
3035,2052,1767370,5918750
3351,2056,1769370,5918750
822,2077,1753370,5919250
901,2078,1753870,5919250
980,2079,1754370,5919250
1059,2080,1754870,5919250
1138,2081,1755370,5919250
1217,2082,1755870,5919250
1296,2083,1756370,5919250
1375,2084,1756870,5919250
1454,2085,1757370,5919250
1533,2086,1757870,5919250
1612,2087,1758370,5919250
1691,2088,1758870,5919250
1770,2089,1759370,5919250
2086,2093,1761370,5919250
2165,2094,1761870,5919250
2244,2095,1762370,5919250
2323,2096,1762870,5919250
2402,2097,1763370,5919250
2481,2098,1763870,5919250
2560,2099,1764370,5919250
2639,2100,1764870,5919250
2718,2101,1765370,5919250
2797,2102,1765870,5919250
2876,2103,1766370,5919250
2955,2104,1766870,5919250
3034,2105,1767370,5919250
821,2129,1753370,5919750
900,2130,1753870,5919750
979,2131,1754370,5919750
1058,2132,1754870,5919750
1137,2133,1755370,5919750
1216,2134,1755870,5919750
1295,2135,1756370,5919750
1374,2136,1756870,5919750
1453,2137,1757370,5919750
1532,2138,1757870,5919750
1611,2139,1758370,5919750
1690,2140,1758870,5919750
1769,2141,1759370,5919750
1927,2143,1760370,5919750
2085,2145,1761370,5919750
2164,2146,1761870,5919750
2243,2147,1762370,5919750
2322,2148,1762870,5919750
2401,2149,1763370,5919750
2480,2150,1763870,5919750
2559,2151,1764370,5919750
2638,2152,1764870,5919750
2717,2153,1765370,5919750
2796,2154,1765870,5919750
2875,2155,1766370,5919750
2954,2156,1766870,5919750
3033,2157,1767370,5919750
3349,2161,1769370,5919750
820,2180,1753370,5920250
899,2181,1753870,5920250
978,2182,1754370,5920250
1057,2183,1754870,5920250
1136,2184,1755370,5920250
1215,2185,1755870,5920250
1294,2186,1756370,5920250
1373,2187,1756870,5920250
1452,2188,1757370,5920250
1531,2189,1757870,5920250
1610,2190,1758370,5920250
1689,2191,1758870,5920250
1768,2192,1759370,5920250
2084,2196,1761370,5920250
2242,2198,1762370,5920250
2321,2199,1762870,5920250
2400,2200,1763370,5920250
2479,2201,1763870,5920250
2795,2205,1765870,5920250
2874,2206,1766370,5920250
2953,2207,1766870,5920250
898,2232,1753870,5920750
977,2233,1754370,5920750
1056,2234,1754870,5920750
1135,2235,1755370,5920750
1214,2236,1755870,5920750
1293,2237,1756370,5920750
1372,2238,1756870,5920750
1451,2239,1757370,5920750
1530,2240,1757870,5920750
1609,2241,1758370,5920750
1688,2242,1758870,5920750
1767,2243,1759370,5920750
976,2284,1754370,5921250
1055,2285,1754870,5921250
1134,2286,1755370,5921250
1292,2288,1756370,5921250
1450,2290,1757370,5921250
1133,2337,1755370,5921750
1370,2340,1756870,5921750
3266,2364,1768870,5921750
3265,2414,1768870,5922250
1605,2442,1758370,5922750
1763,2444,1759370,5922750
1842,2445,1759870,5922750
1921,2446,1760370,5922750
2000,2447,1760870,5922750
2079,2448,1761370,5922750
1209,2486,1755870,5923250
1683,2492,1758870,5923250
1762,2493,1759370,5923250
1841,2494,1759870,5923250
1920,2495,1760370,5923250
1999,2496,1760870,5923250
1050,2532,1754870,5923750
1208,2534,1755870,5923750
1761,2541,1759370,5923750
1840,2542,1759870,5923750
1919,2543,1760370,5923750
1998,2544,1760870,5923750
1049,2580,1754870,5924250
1128,2581,1755370,5924250
1207,2582,1755870,5924250
1523,2586,1757870,5924250
1602,2587,1758370,5924250
1681,2588,1758870,5924250
1760,2589,1759370,5924250
1839,2590,1759870,5924250
1918,2591,1760370,5924250
1997,2592,1760870,5924250
1048,2627,1754870,5924750
1127,2628,1755370,5924750
1206,2629,1755870,5924750
1285,2630,1756370,5924750
1680,2635,1758870,5924750
1759,2636,1759370,5924750
1838,2637,1759870,5924750
1917,2638,1760370,5924750
2628,2647,1764870,5924750
2786,2649,1765870,5924750
1126,2674,1755370,5925250
1205,2675,1755870,5925250
1284,2676,1756370,5925250
1600,2680,1758370,5925250
1679,2681,1758870,5925250
1758,2682,1759370,5925250
1837,2683,1759870,5925250
2627,2693,1764870,5925250
2706,2694,1765370,5925250
2785,2695,1765870,5925250
2864,2696,1766370,5925250
2943,2697,1766870,5925250
3022,2698,1767370,5925250
1204,2721,1755870,5925750
1362,2723,1756870,5925750
1520,2725,1757870,5925750
1599,2726,1758370,5925750
1678,2727,1758870,5925750
1757,2728,1759370,5925750
2547,2738,1764370,5925750
2626,2739,1764870,5925750
2705,2740,1765370,5925750
2784,2741,1765870,5925750
2863,2742,1766370,5925750
2942,2743,1766870,5925750
3021,2744,1767370,5925750
1203,2765,1755870,5926250
1282,2766,1756370,5926250
1361,2767,1756870,5926250
1440,2768,1757370,5926250
1519,2769,1757870,5926250
1598,2770,1758370,5926250
1677,2771,1758870,5926250
2467,2781,1763870,5926250
2546,2782,1764370,5926250
2625,2783,1764870,5926250
2704,2784,1765370,5926250
2783,2785,1765870,5926250
2862,2786,1766370,5926250
2941,2787,1766870,5926250
1281,2810,1756370,5926750
1360,2811,1756870,5926750
1439,2812,1757370,5926750
1518,2813,1757870,5926750
1597,2814,1758370,5926750
2466,2825,1763870,5926750
2545,2826,1764370,5926750
2624,2827,1764870,5926750
2703,2828,1765370,5926750
2782,2829,1765870,5926750
2861,2830,1766370,5926750
2940,2831,1766870,5926750
1359,2853,1756870,5927250
1438,2854,1757370,5927250
1517,2855,1757870,5927250
1596,2856,1758370,5927250
2386,2866,1763370,5927250
2465,2867,1763870,5927250
2544,2868,1764370,5927250
2623,2869,1764870,5927250
2702,2870,1765370,5927250
2781,2871,1765870,5927250
2860,2872,1766370,5927250
1358,2895,1756870,5927750
1595,2898,1758370,5927750
2306,2907,1762870,5927750
2385,2908,1763370,5927750
2464,2909,1763870,5927750
2543,2910,1764370,5927750
2622,2911,1764870,5927750
2701,2912,1765370,5927750
2780,2913,1765870,5927750
1594,2938,1758370,5928250
2463,2949,1763870,5928250
2542,2950,1764370,5928250
2621,2951,1764870,5928250
2700,2952,1765370,5928250
1593,2978,1758370,5928750
2541,2990,1764370,5928750
2620,2991,1764870,5928750
